code,name,price,image
771,Antioxidant Goji Hydrojelly Mask,,assets/products/us/771.jpg
772,Super Greens Strength Hydrojelly Mask,,assets/products/us/772.jpg
773,Brightening Complex Hydrojelly Mask,,assets/products/us/773.jpg
774,Belgium Cacao Hydrojelly Mask,,assets/products/us/774.jpg
775,Egyptian Rose Hydrojelly Mask,,assets/products/us/775.jpg
776,Pure Himalayan White Tea Hydrojelly Mask,,assets/products/us/776.jpg
777,Resilience Caviar Hydrojelly Mask,,assets/products/us/777.jpg
778,Australian Sheep Placenta Hydrojelly Mask,,assets/products/us/778.jpg
779,Renewal Boost Hydrojelly Mask,,assets/products/us/779.jpg
780,Radiance Biotin Hydrojelly Mask,,assets/products/us/780.jpg
781,Intensive Aftercare Hydrojelly Mask,,assets/products/us/781.jpg
782,Hyaluronic Acid Hydrojelly Mask,,assets/products/us/782.jpg
783,Beta-Carotene Floral Hydrojelly Mask,,assets/products/us/783.jpg
784,Cica Complexion Care Hydrojelly Mask,,assets/products/us/784.jpg
785,Illuminating Orange Hydrojelly Mask,,assets/products/us/785.jpg
786,Phyto-Nutrients Blast Hydrojelly Mask,,assets/products/us/786.jpg
787,Skin Warrior Ageless Hydrojelly Mask,,assets/products/us/787.jpg
788,Purifying Activated Charcoal Hydrojelly Mask,,assets/products/us/788.jpg
789,Vampire PLLA Infusion Hydrojelly Mask,,assets/products/us/789.jpg
790,Spot Diminishing ALA Hydrojelly Mask,,assets/products/us/790.jpg
791,CBD 1000mg Dope Hydrojelly Mask,,assets/products/us/791.jpg
792,Youthful Elixir Hydrojelly Mask,,assets/products/us/792.jpg
793,LED Light See-Through Hydrojelly Mask,,assets/products/us/793.jpg
794,Discoloration Alpha Arbutin Hydrojelly Mask,,assets/products/us/794.jpg
795,Chi Energy Infused Hydrojelly Mask,,assets/products/us/795.jpg
796,Blue Glacier Cryo Hydrojelly Mask,,assets/products/us/796.jpg
797,Rosehip Hop Hydrojelly Mask,,assets/products/us/797.jpg
798,AHA BHA Hydrojelly Mask,,assets/products/us/798.jpg
799,Green Tea Tree Hydrojelly Mask,,assets/products/us/799.jpg
800,Glutathione Hydrojelly Mask,,assets/products/us/800.jpg
801,Retinol Alternative Hydrojelly Mask,,assets/products/us/801.jpg
802,Wildcrafted Sea Moss Hydrojelly Mask,,assets/products/us/802.jpg
803,NAD+ Longevity Hydrojelly Mask,,assets/products/us/803.jpg
804,Silk Cocoon Peptide Hydrojelly Mask,,assets/products/us/804.jpg
805,Salmon DNA PDRN Hydrojelly Mask,,assets/products/us/805.jpg
806,Discoloration Corrector Hydrojelly Mask,,assets/products/us/806.jpg
807,CO2 Carboxy Hydrojelly Mask,,assets/products/us/807.jpg
808,I Love You So Matcha Hydrojelly Mask,,assets/products/us/808.jpg
HMG5,5+2 Hydrojelly Masks,,assets/products/us/HMG5.jpg
hmg10,10+4 Hydrojelly Masks,,assets/products/us/hmg10.jpg
HMS15,Hydrojelly Mask,,assets/products/us/HMS15.jpg
933,Hydro Serum,,assets/products/skincare/hydro-serum.jpg
934,ALA-13 Serum,,assets/products/skincare/ala-13-serum.jpg
573,Hyaluronic Acid 100,,assets/products/skincare/hyaluronic-acid-100.jpg
938,Nano EGF Serum,,assets/products/skincare/nano-egf-serum.jpg
432,Electrolyte Dewy Cream,,assets/products/skincare/electrolyte-dewy-cream.jpg
431,24K Gold Flex Cream,,assets/products/skincare/24k-gold-flex-cream.jpg
102,Normal Cleanser,,assets/products/skincare/normal-cleanser.jpg
118,Lemon Soft Peeling Gel,,assets/products/skincare/lemon-soft-peeling-gel.jpg
426,Sun (SPF 50+ PA++++),,assets/products/skincare/sun-spf50.jpg
113,Enzyme Powder,,assets/products/skincare/enzyme-powder.jpg
312,Moisture Skin Solution,,assets/products/skincare/moisture-skin-solution.jpg
212,Vitamin Massage Cream,,assets/products/skincare/vitamin-massage-cream.jpg
213,Collagen Massage Cream,,assets/products/skincare/collagen-massage-cream.jpg
332,Aloe Gel,,assets/products/skincare/aloe-gel.jpg
